-- PROJECT
insert into project(id, name, sub_name, overview, thumbnail_url, deploy_url, github_url, like_count, view_count,
                    comment_count, start_date, end_date, owner_id, description, troubleshooting)
values (1, '프로젝트 1', '프로젝트 1 더미데이터', '프로젝트 1 더미데이터 입니다.',
        'https://sidepeek-bucket.s3.ap-northeast-2.amazonaws.com/image/prod/c43ae359-8200-4683-a3f7-363044699f31.jpg',
        'https://github.com', 'https://github.com', 7, 1, 10, '2024-01-01', '2024-03-01', 1, '# 프로젝트 1 기능',
        '# 프로젝트 프로젝트 1 기능');
insert into project(id, name, sub_name, overview, thumbnail_url, deploy_url, github_url, like_count, view_count,
                    comment_count, start_date, end_date, owner_id, description, troubleshooting)
values (2, '프로젝트 2', '프로젝트 2 더미데이터', '프로젝트 2 더미데이터 입니다.',
        'https://sidepeek-bucket.s3.ap-northeast-2.amazonaws.com/image/prod/c43ae359-8200-4683-a3f7-363044699f31.jpg',
        'https://github.com', 'https://github.com', 7, 2, 10, '2024-01-01', '2024-03-01', 1, '# 프로젝트 2 기능',
        '# 프로젝트 프로젝트 2 기능');
insert into project(id, name, sub_name, overview, thumbnail_url, deploy_url, github_url, like_count, view_count,
                    comment_count, start_date, end_date, owner_id, description, troubleshooting)
values (3, '프로젝트 3', '프로젝트 3 더미데이터', '프로젝트 3 더미데이터 입니다.',
        'https://sidepeek-bucket.s3.ap-northeast-2.amazonaws.com/image/prod/c43ae359-8200-4683-a3f7-363044699f31.jpg',
        'https://github.com', 'https://github.com', 7, 3, 10, '2024-01-01', '2024-03-01', 1, '# 프로젝트 3 기능',
        '# 프로젝트 프로젝트 3 기능');
insert into project(id, name, sub_name, overview, thumbnail_url, deploy_url, github_url, like_count, view_count,
                    comment_count, start_date, end_date, owner_id, description, troubleshooting)
values (4, '프로젝트 4', '프로젝트 4 더미데이터', '프로젝트 4 더미데이터 입니다.',
        'https://sidepeek-bucket.s3.ap-northeast-2.amazonaws.com/image/prod/c43ae359-8200-4683-a3f7-363044699f31.jpg',
        'https://github.com', 'https://github.com', 7, 4, 10, '2024-01-01', '2024-03-01', 1, '# 프로젝트 4 기능',
        '# 프로젝트 프로젝트 4 기능');
insert into project(id, name, sub_name, overview, thumbnail_url, deploy_url, github_url, like_count, view_count,
                    comment_count, start_date, end_date, owner_id, description, troubleshooting)
values (5, '프로젝트 5', '프로젝트 5 더미데이터', '프로젝트 5 더미데이터 입니다.',
        'https://sidepeek-bucket.s3.ap-northeast-2.amazonaws.com/image/prod/c43ae359-8200-4683-a3f7-363044699f31.jpg',
        'https://github.com', 'https://github.com', 7, 5, 10, '2024-01-01', '2024-03-01', 1, '# 프로젝트 5 기능',
        '# 프로젝트 프로젝트 5 기능');
insert into project(id, name, sub_name, overview, thumbnail_url, deploy_url, github_url, like_count, view_count,
                    comment_count, start_date, end_date, owner_id, description, troubleshooting)
values (6, '프로젝트 6', '프로젝트 6 더미데이터', '프로젝트 6 더미데이터 입니다.',
        'https://sidepeek-bucket.s3.ap-northeast-2.amazonaws.com/image/prod/c43ae359-8200-4683-a3f7-363044699f31.jpg',
        'https://github.com', 'https://github.com', 6, 6, 10, '2024-01-01', '2024-03-01', 1, '# 프로젝트 6 기능',
        '# 프로젝트 프로젝트 6 기능');
insert into project(id, name, sub_name, overview, thumbnail_url, deploy_url, github_url, like_count, view_count,
                    comment_count, start_date, end_date, owner_id, description, troubleshooting)
values (7, '프로젝트 7', '프로젝트 7 더미데이터', '프로젝트 7 더미데이터 입니다.',
        'https://sidepeek-bucket.s3.ap-northeast-2.amazonaws.com/image/prod/c43ae359-8200-4683-a3f7-363044699f31.jpg',
        'https://github.com', 'https://github.com', 5, 7, 10, '2024-01-01', '2024-03-01', 1, '# 프로젝트 7 기능',
        '# 프로젝트 프로젝트 7 기능');
insert into project(id, name, sub_name, overview, thumbnail_url, deploy_url, github_url, like_count, view_count,
                    comment_count, start_date, end_date, owner_id, description, troubleshooting)
values (8, '프로젝트 8', '프로젝트 8 더미데이터', '프로젝트 8 더미데이터 입니다.',
        'https://sidepeek-bucket.s3.ap-northeast-2.amazonaws.com/image/prod/c43ae359-8200-4683-a3f7-363044699f31.jpg',
        'https://github.com', 'https://github.com', 4, 8, 10, '2024-01-01', '2024-03-01', 1, '# 프로젝트 8 기능',
        '# 프로젝트 프로젝트 8 기능');
insert into project(id, name, sub_name, overview, thumbnail_url, deploy_url, github_url, like_count, view_count,
                    comment_count, start_date, end_date, owner_id, description, troubleshooting)
values (9, '프로젝트 9', '프로젝트 9 더미데이터', '프로젝트 9 더미데이터 입니다.',
        'https://sidepeek-bucket.s3.ap-northeast-2.amazonaws.com/image/prod/c43ae359-8200-4683-a3f7-363044699f31.jpg',
        'https://github.com', 'https://github.com', 3, 9, 10, '2024-01-01', '2024-03-01', 1, '# 프로젝트 9 기능',
        '# 프로젝트 프로젝트 9 기능');
insert into project(id, name, sub_name, overview, thumbnail_url, deploy_url, github_url, like_count, view_count,
                    comment_count, start_date, end_date, owner_id, description, troubleshooting)
values (10, '프로젝트 10', '프로젝트 10 더미데이터', '프로젝트 10 더미데이터 입니다.',
        'https://sidepeek-bucket.s3.ap-northeast-2.amazonaws.com/image/prod/c43ae359-8200-4683-a3f7-363044699f31.jpg',
        'https://github.com', 'https://github.com', 2, 10, 10, '2024-01-01', '2024-03-01', 1, '# 프로젝트 10 기능',
        '# 프로젝트 프로젝트 10 기능');
insert into project(id, name, sub_name, overview, thumbnail_url, deploy_url, github_url, like_count, view_count,
                    comment_count, start_date, end_date, owner_id, description, troubleshooting)
values (11, '프로젝트 11', '프로젝트 11 더미데이터', '프로젝트 11 더미데이터 입니다.',
        'https://sidepeek-bucket.s3.ap-northeast-2.amazonaws.com/image/prod/c43ae359-8200-4683-a3f7-363044699f31.jpg',
        'https://github.com', 'https://github.com', 0, 11, 0, '2024-01-01', '2024-03-01', 1, '# 프로젝트 11 기능',
        '# 프로젝트 프로젝트 11 기능');
insert into project(id, name, sub_name, overview, thumbnail_url, deploy_url, github_url, like_count, view_count,
                    comment_count, start_date, end_date, owner_id, description, troubleshooting)
values (12, '프로젝트 12', '프로젝트 12 더미데이터', '프로젝트 12 더미데이터 입니다.',
        'https://sidepeek-bucket.s3.ap-northeast-2.amazonaws.com/image/prod/c43ae359-8200-4683-a3f7-363044699f31.jpg',
        'https://github.com', 'https://github.com', 0, 12, 0, '2024-01-01', '2024-03-01', 1, '# 프로젝트 12 기능',
        '# 프로젝트 프로젝트 12 기능');
insert into project(id, name, sub_name, overview, thumbnail_url, deploy_url, github_url, like_count, view_count,
                    comment_count, start_date, end_date, owner_id, description, troubleshooting)
values (13, '프로젝트 13', '프로젝트 13 더미데이터', '프로젝트 13 더미데이터 입니다.',
        'https://sidepeek-bucket.s3.ap-northeast-2.amazonaws.com/image/prod/c43ae359-8200-4683-a3f7-363044699f31.jpg',
        'https://github.com', 'https://github.com', 0, 13, 0, '2024-01-01', '2024-03-01', 1, '# 프로젝트 13 기능',
        '# 프로젝트 프로젝트 13 기능');
insert into project(id, name, sub_name, overview, thumbnail_url, deploy_url, github_url, like_count, view_count,
                    comment_count, start_date, end_date, owner_id, description, troubleshooting)
values (14, '프로젝트 14', '프로젝트 14 더미데이터', '프로젝트 14 더미데이터 입니다.',
        'https://sidepeek-bucket.s3.ap-northeast-2.amazonaws.com/image/prod/c43ae359-8200-4683-a3f7-363044699f31.jpg',
        'https://github.com', 'https://github.com', 0, 14, 0, '2024-01-01', '2024-03-01', 1, '# 프로젝트 14 기능',
        '# 프로젝트 프로젝트 14 기능');
insert into project(id, name, sub_name, overview, thumbnail_url, deploy_url, github_url, like_count, view_count,
                    comment_count, start_date, end_date, owner_id, description, troubleshooting)
values (15, '프로젝트 15', '프로젝트 15 더미데이터', '프로젝트 15 더미데이터 입니다.',
        'https://sidepeek-bucket.s3.ap-northeast-2.amazonaws.com/image/prod/c43ae359-8200-4683-a3f7-363044699f31.jpg',
        'https://github.com', 'https://github.com', 0, 15, 0, '2024-01-01', '2024-03-01', 1, '# 프로젝트 15 기능',
        '# 프로젝트 프로젝트 15 기능');
insert into project(id, name, sub_name, overview, thumbnail_url, deploy_url, github_url, like_count, view_count,
                    comment_count, start_date, end_date, owner_id, description, troubleshooting)
values (16, '프로젝트 16', '프로젝트 16 더미데이터', '프로젝트 16 더미데이터 입니다.',
        'https://sidepeek-bucket.s3.ap-northeast-2.amazonaws.com/image/prod/c43ae359-8200-4683-a3f7-363044699f31.jpg',
        'https://github.com', 'https://github.com', 0, 16, 0, '2024-01-01', '2024-03-01', 1, '# 프로젝트 16 기능',
        '# 프로젝트 프로젝트 16 기능');
insert into project(id, name, sub_name, overview, thumbnail_url, deploy_url, github_url, like_count, view_count,
                    comment_count, start_date, end_date, owner_id, description, troubleshooting)
values (17, '프로젝트 17', '프로젝트 17 더미데이터', '프로젝트 17 더미데이터 입니다.',
        'https://sidepeek-bucket.s3.ap-northeast-2.amazonaws.com/image/prod/c43ae359-8200-4683-a3f7-363044699f31.jpg',
        'https://github.com', 'https://github.com', 0, 17, 0, '2024-01-01', '2024-03-01', 1, '# 프로젝트 17 기능',
        '# 프로젝트 프로젝트 17 기능');
insert into project(id, name, sub_name, overview, thumbnail_url, deploy_url, github_url, like_count, view_count,
                    comment_count, start_date, end_date, owner_id, description, troubleshooting)
values (18, '프로젝트 18', '프로젝트 18 더미데이터', '프로젝트 18 더미데이터 입니다.',
        'https://sidepeek-bucket.s3.ap-northeast-2.amazonaws.com/image/prod/c43ae359-8200-4683-a3f7-363044699f31.jpg',
        'https://github.com', 'https://github.com', 0, 18, 0, '2024-01-01', '2024-03-01', 1, '# 프로젝트 18 기능',
        '# 프로젝트 프로젝트 18 기능');
insert into project(id, name, sub_name, overview, thumbnail_url, deploy_url, github_url, like_count, view_count,
                    comment_count, start_date, end_date, owner_id, description, troubleshooting)
values (19, '프로젝트 19', '프로젝트 19 더미데이터', '프로젝트 19 더미데이터 입니다.',
        'https://sidepeek-bucket.s3.ap-northeast-2.amazonaws.com/image/prod/c43ae359-8200-4683-a3f7-363044699f31.jpg',
        'https://github.com', 'https://github.com', 0, 19, 0, '2024-01-01', '2024-03-01', 1, '# 프로젝트 19 기능',
        '# 프로젝트 프로젝트 19 기능');
insert into project(id, name, sub_name, overview, thumbnail_url, deploy_url, github_url, like_count, view_count,
                    comment_count, start_date, end_date, owner_id, description, troubleshooting)
values (20, '프로젝트 20', '프로젝트 20 더미데이터', '프로젝트 20 더미데이터 입니다.',
        'https://sidepeek-bucket.s3.ap-northeast-2.amazonaws.com/image/prod/c43ae359-8200-4683-a3f7-363044699f31.jpg',
        'https://github.com', 'https://github.com', 0, 20, 0, '2024-01-01', '2024-03-01', 1, '# 프로젝트 20 기능',
        '# 프로젝트 프로젝트 20 기능');
insert into project(id, name, sub_name, overview, thumbnail_url, deploy_url, github_url, like_count, view_count,
                    comment_count, start_date, end_date, owner_id, description, troubleshooting)
values (21, '프로젝트 21', '프로젝트 21 더미데이터', '프로젝트 21 더미데이터 입니다.',
        'https://sidepeek-bucket.s3.ap-northeast-2.amazonaws.com/image/prod/c43ae359-8200-4683-a3f7-363044699f31.jpg',
        'https://github.com', 'https://github.com', 0, 21, 0, '2024-01-01', '2024-03-01', 1, '# 프로젝트 21 기능',
        '# 프로젝트 프로젝트 21 기능');
insert into project(id, name, sub_name, overview, thumbnail_url, deploy_url, github_url, like_count, view_count,
                    comment_count, start_date, end_date, owner_id, description, troubleshooting)
values (22, '프로젝트 22', '프로젝트 22 더미데이터', '프로젝트 22 더미데이터 입니다.',
        'https://sidepeek-bucket.s3.ap-northeast-2.amazonaws.com/image/prod/c43ae359-8200-4683-a3f7-363044699f31.jpg',
        'https://github.com', 'https://github.com', 0, 22, 0, '2024-01-01', '2024-03-01', 1, '# 프로젝트 22 기능',
        '# 프로젝트 프로젝트 22 기능');
insert into project(id, name, sub_name, overview, thumbnail_url, deploy_url, github_url, like_count, view_count,
                    comment_count, start_date, end_date, owner_id, description, troubleshooting)
values (23, '프로젝트 23', '프로젝트 23 더미데이터', '프로젝트 23 더미데이터 입니다.',
        'https://sidepeek-bucket.s3.ap-northeast-2.amazonaws.com/image/prod/c43ae359-8200-4683-a3f7-363044699f31.jpg',
        'https://github.com', 'https://github.com', 0, 23, 0, '2024-01-01', '2024-03-01', 1, '# 프로젝트 23 기능',
        '# 프로젝트 프로젝트 23 기능');
insert into project(id, name, sub_name, overview, thumbnail_url, deploy_url, github_url, like_count, view_count,
                    comment_count, start_date, end_date, owner_id, description, troubleshooting)
values (24, '프로젝트 24', '프로젝트 24 더미데이터', '프로젝트 24 더미데이터 입니다.',
        'https://sidepeek-bucket.s3.ap-northeast-2.amazonaws.com/image/prod/c43ae359-8200-4683-a3f7-363044699f31.jpg',
        'https://github.com', 'https://github.com', 0, 24, 0, '2024-01-01', '2024-03-01', 1, '# 프로젝트 24 기능',
        '# 프로젝트 프로젝트 24 기능');
insert into project(id, name, sub_name, overview, thumbnail_url, deploy_url, github_url, like_count, view_count,
                    comment_count, start_date, end_date, owner_id, description, troubleshooting)
values (25, '프로젝트 25', '프로젝트 25 더미데이터', '프로젝트 25 더미데이터 입니다.',
        'https://sidepeek-bucket.s3.ap-northeast-2.amazonaws.com/image/prod/c43ae359-8200-4683-a3f7-363044699f31.jpg',
        'https://github.com', 'https://github.com', 0, 25, 0, '2024-01-01', '2024-03-01', 1, '# 프로젝트 25 기능',
        '# 프로젝트 프로젝트 25 기능');
insert into project(id, name, sub_name, overview, thumbnail_url, deploy_url, github_url, like_count, view_count,
                    comment_count, start_date, end_date, owner_id, description, troubleshooting)
values (26, '프로젝트 26', '프로젝트 26 더미데이터', '프로젝트 26 더미데이터 입니다.',
        'https://sidepeek-bucket.s3.ap-northeast-2.amazonaws.com/image/prod/c43ae359-8200-4683-a3f7-363044699f31.jpg',
        'https://github.com', 'https://github.com', 0, 26, 0, '2024-01-01', '2024-03-01', 1, '# 프로젝트 26 기능',
        '# 프로젝트 프로젝트 26 기능');
insert into project(id, name, sub_name, overview, thumbnail_url, deploy_url, github_url, like_count, view_count,
                    comment_count, start_date, end_date, owner_id, description, troubleshooting)
values (27, '프로젝트 27', '프로젝트 27 더미데이터', '프로젝트 27 더미데이터 입니다.',
        'https://sidepeek-bucket.s3.ap-northeast-2.amazonaws.com/image/prod/c43ae359-8200-4683-a3f7-363044699f31.jpg',
        'https://github.com', 'https://github.com', 0, 27, 0, '2024-01-01', '2024-03-01', 1, '# 프로젝트 27 기능',
        '# 프로젝트 프로젝트 27 기능');
insert into project(id, name, sub_name, overview, thumbnail_url, deploy_url, github_url, like_count, view_count,
                    comment_count, start_date, end_date, owner_id, description, troubleshooting)
values (28, '프로젝트 28', '프로젝트 28 더미데이터', '프로젝트 28 더미데이터 입니다.',
        'https://sidepeek-bucket.s3.ap-northeast-2.amazonaws.com/image/prod/c43ae359-8200-4683-a3f7-363044699f31.jpg',
        'https://github.com', 'https://github.com', 0, 28, 0, '2024-01-01', '2024-03-01', 1, '# 프로젝트 28 기능',
        '# 프로젝트 프로젝트 28 기능');
insert into project(id, name, sub_name, overview, thumbnail_url, deploy_url, github_url, like_count, view_count,
                    comment_count, start_date, end_date, owner_id, description, troubleshooting)
values (29, '프로젝트 29', '프로젝트 29 더미데이터', '프로젝트 29 더미데이터 입니다.',
        'https://sidepeek-bucket.s3.ap-northeast-2.amazonaws.com/image/prod/c43ae359-8200-4683-a3f7-363044699f31.jpg',
        'https://github.com', 'https://github.com', 0, 29, 0, '2024-01-01', '2024-03-01', 1, '# 프로젝트 29 기능',
        '# 프로젝트 프로젝트 29 기능');
insert into project(id, name, sub_name, overview, thumbnail_url, deploy_url, github_url, like_count, view_count,
                    comment_count, start_date, end_date, owner_id, description, troubleshooting)
values (30, '프로젝트 30', '프로젝트 30 더미데이터', '프로젝트 30 더미데이터 입니다.',
        'https://sidepeek-bucket.s3.ap-northeast-2.amazonaws.com/image/prod/c43ae359-8200-4683-a3f7-363044699f31.jpg',
        'https://github.com', 'https://github.com', 0, 30, 0, '2024-01-01', '2024-03-01', 1, '# 프로젝트 30 기능',
        '# 프로젝트 프로젝트 30 기능');
insert into project(id, name, sub_name, overview, thumbnail_url, deploy_url, github_url, like_count, view_count,
                    comment_count, start_date, end_date, owner_id, description, troubleshooting)
values (31, '프로젝트 31', '프로젝트 31 더미데이터', '프로젝트 31 더미데이터 입니다.',
        'https://sidepeek-bucket.s3.ap-northeast-2.amazonaws.com/image/prod/c43ae359-8200-4683-a3f7-363044699f31.jpg',
        'https://github.com', 'https://github.com', 0, 31, 0, '2024-01-01', '2024-03-01', 1, '# 프로젝트 31 기능',
        '# 프로젝트 프로젝트 31 기능');
insert into project(id, name, sub_name, overview, thumbnail_url, deploy_url, github_url, like_count, view_count,
                    comment_count, start_date, end_date, owner_id, description, troubleshooting)
values (32, '프로젝트 32', '프로젝트 32 더미데이터', '프로젝트 32 더미데이터 입니다.',
        'https://sidepeek-bucket.s3.ap-northeast-2.amazonaws.com/image/prod/c43ae359-8200-4683-a3f7-363044699f31.jpg',
        'https://github.com', 'https://github.com', 0, 32, 0, '2024-01-01', '2024-03-01', 1, '# 프로젝트 32 기능',
        '# 프로젝트 프로젝트 32 기능');
insert into project(id, name, sub_name, overview, thumbnail_url, deploy_url, github_url, like_count, view_count,
                    comment_count, start_date, end_date, owner_id, description, troubleshooting)
values (33, '프로젝트 33', '프로젝트 33 더미데이터', '프로젝트 33 더미데이터 입니다.',
        'https://sidepeek-bucket.s3.ap-northeast-2.amazonaws.com/image/prod/c43ae359-8200-4683-a3f7-363044699f31.jpg',
        'https://github.com', 'https://github.com', 0, 33, 0, '2024-01-01', '2024-03-01', 1, '# 프로젝트 33 기능',
        '# 프로젝트 프로젝트 33 기능');
insert into project(id, name, sub_name, overview, thumbnail_url, deploy_url, github_url, like_count, view_count,
                    comment_count, start_date, end_date, owner_id, description, troubleshooting)
values (34, '프로젝트 34', '프로젝트 34 더미데이터', '프로젝트 34 더미데이터 입니다.',
        'https://sidepeek-bucket.s3.ap-northeast-2.amazonaws.com/image/prod/c43ae359-8200-4683-a3f7-363044699f31.jpg',
        'https://github.com', 'https://github.com', 0, 34, 0, '2024-01-01', '2024-03-01', 1, '# 프로젝트 34 기능',
        '# 프로젝트 프로젝트 34 기능');
insert into project(id, name, sub_name, overview, thumbnail_url, deploy_url, github_url, like_count, view_count,
                    comment_count, start_date, end_date, owner_id, description, troubleshooting)
values (35, '프로젝트 35', '프로젝트 35 더미데이터', '프로젝트 35 더미데이터 입니다.',
        'https://sidepeek-bucket.s3.ap-northeast-2.amazonaws.com/image/prod/c43ae359-8200-4683-a3f7-363044699f31.jpg',
        'https://github.com', 'https://github.com', 0, 35, 0, '2024-01-01', '2024-03-01', 1, '# 프로젝트 35 기능',
        '# 프로젝트 프로젝트 35 기능');
insert into project(id, name, sub_name, overview, thumbnail_url, deploy_url, github_url, like_count, view_count,
                    comment_count, start_date, end_date, owner_id, description, troubleshooting)
values (36, '프로젝트 36', '프로젝트 36 더미데이터', '프로젝트 36 더미데이터 입니다.',
        'https://sidepeek-bucket.s3.ap-northeast-2.amazonaws.com/image/prod/c43ae359-8200-4683-a3f7-363044699f31.jpg',
        'https://github.com', 'https://github.com', 0, 36, 0, '2024-01-01', '2024-03-01', 1, '# 프로젝트 36 기능',
        '# 프로젝트 프로젝트 36 기능');
insert into project(id, name, sub_name, overview, thumbnail_url, deploy_url, github_url, like_count, view_count,
                    comment_count, start_date, end_date, owner_id, description, troubleshooting)
values (37, '프로젝트 37', '프로젝트 37 더미데이터', '프로젝트 37 더미데이터 입니다.',
        'https://sidepeek-bucket.s3.ap-northeast-2.amazonaws.com/image/prod/c43ae359-8200-4683-a3f7-363044699f31.jpg',
        'https://github.com', 'https://github.com', 0, 37, 0, '2024-01-01', '2024-03-01', 1, '# 프로젝트 37 기능',
        '# 프로젝트 프로젝트 37 기능');
insert into project(id, name, sub_name, overview, thumbnail_url, deploy_url, github_url, like_count, view_count,
                    comment_count, start_date, end_date, owner_id, description, troubleshooting)
values (38, '프로젝트 38', '프로젝트 38 더미데이터', '프로젝트 38 더미데이터 입니다.',
        'https://sidepeek-bucket.s3.ap-northeast-2.amazonaws.com/image/prod/c43ae359-8200-4683-a3f7-363044699f31.jpg',
        'https://github.com', 'https://github.com', 0, 38, 0, '2024-01-01', '2024-03-01', 1, '# 프로젝트 38 기능',
        '# 프로젝트 프로젝트 38 기능');
insert into project(id, name, sub_name, overview, thumbnail_url, deploy_url, github_url, like_count, view_count,
                    comment_count, start_date, end_date, owner_id, description, troubleshooting)
values (39, '프로젝트 39', '프로젝트 39 더미데이터', '프로젝트 39 더미데이터 입니다.',
        'https://sidepeek-bucket.s3.ap-northeast-2.amazonaws.com/image/prod/c43ae359-8200-4683-a3f7-363044699f31.jpg',
        'https://github.com', 'https://github.com', 0, 39, 0, '2024-01-01', '2024-03-01', 1, '# 프로젝트 39 기능',
        '# 프로젝트 프로젝트 39 기능');
insert into project(id, name, sub_name, overview, thumbnail_url, deploy_url, github_url, like_count, view_count,
                    comment_count, start_date, end_date, owner_id, description, troubleshooting)
values (40, '프로젝트 40', '프로젝트 40 더미데이터', '프로젝트 40 더미데이터 입니다.',
        'https://sidepeek-bucket.s3.ap-northeast-2.amazonaws.com/image/prod/c43ae359-8200-4683-a3f7-363044699f31.jpg',
        'https://github.com', 'https://github.com', 0, 40, 0, '2024-01-01', '2024-03-01', 1, '# 프로젝트 40 기능',
        '# 프로젝트 프로젝트 40 기능');
insert into project(id, name, sub_name, overview, thumbnail_url, deploy_url, github_url, like_count, view_count,
                    comment_count, start_date, end_date, owner_id, description, troubleshooting)
values (41, '프로젝트 41', '프로젝트 41 더미데이터', '프로젝트 41 더미데이터 입니다.',
        'https://sidepeek-bucket.s3.ap-northeast-2.amazonaws.com/image/prod/c43ae359-8200-4683-a3f7-363044699f31.jpg',
        'https://github.com', 'https://github.com', 0, 41, 0, '2024-01-01', '2024-03-01', 1, '# 프로젝트 41 기능',
        '# 프로젝트 프로젝트 41 기능');
insert into project(id, name, sub_name, overview, thumbnail_url, deploy_url, github_url, like_count, view_count,
                    comment_count, start_date, end_date, owner_id, description, troubleshooting)
values (42, '프로젝트 42', '프로젝트 42 더미데이터', '프로젝트 42 더미데이터 입니다.',
        'https://sidepeek-bucket.s3.ap-northeast-2.amazonaws.com/image/prod/c43ae359-8200-4683-a3f7-363044699f31.jpg',
        'https://github.com', 'https://github.com', 0, 42, 0, '2024-01-01', '2024-03-01', 1, '# 프로젝트 42 기능',
        '# 프로젝트 프로젝트 42 기능');
insert into project(id, name, sub_name, overview, thumbnail_url, deploy_url, github_url, like_count, view_count,
                    comment_count, start_date, end_date, owner_id, description, troubleshooting)
values (43, '프로젝트 43', '프로젝트 43 더미데이터', '프로젝트 43 더미데이터 입니다.',
        'https://sidepeek-bucket.s3.ap-northeast-2.amazonaws.com/image/prod/c43ae359-8200-4683-a3f7-363044699f31.jpg',
        'https://github.com', 'https://github.com', 0, 43, 0, '2024-01-01', '2024-03-01', 1, '# 프로젝트 43 기능',
        '# 프로젝트 프로젝트 43 기능');
insert into project(id, name, sub_name, overview, thumbnail_url, deploy_url, github_url, like_count, view_count,
                    comment_count, start_date, end_date, owner_id, description, troubleshooting)
values (44, '프로젝트 44', '프로젝트 44 더미데이터', '프로젝트 44 더미데이터 입니다.',
        'https://sidepeek-bucket.s3.ap-northeast-2.amazonaws.com/image/prod/c43ae359-8200-4683-a3f7-363044699f31.jpg',
        'https://github.com', 'https://github.com', 0, 44, 0, '2024-01-01', '2024-03-01', 1, '# 프로젝트 44 기능',
        '# 프로젝트 프로젝트 44 기능');
insert into project(id, name, sub_name, overview, thumbnail_url, deploy_url, github_url, like_count, view_count,
                    comment_count, start_date, end_date, owner_id, description, troubleshooting)
values (45, '프로젝트 45', '프로젝트 45 더미데이터', '프로젝트 45 더미데이터 입니다.',
        'https://sidepeek-bucket.s3.ap-northeast-2.amazonaws.com/image/prod/c43ae359-8200-4683-a3f7-363044699f31.jpg',
        'https://github.com', 'https://github.com', 0, 45, 0, '2024-01-01', '2024-03-01', 1, '# 프로젝트 45 기능',
        '# 프로젝트 프로젝트 45 기능');
insert into project(id, name, sub_name, overview, thumbnail_url, deploy_url, github_url, like_count, view_count,
                    comment_count, start_date, end_date, owner_id, description, troubleshooting)
values (46, '프로젝트 46', '프로젝트 46 더미데이터', '프로젝트 46 더미데이터 입니다.',
        'https://sidepeek-bucket.s3.ap-northeast-2.amazonaws.com/image/prod/c43ae359-8200-4683-a3f7-363044699f31.jpg',
        'https://github.com', 'https://github.com', 0, 46, 0, '2024-01-01', '2024-03-01', 1, '# 프로젝트 46 기능',
        '# 프로젝트 프로젝트 46 기능');
insert into project(id, name, sub_name, overview, thumbnail_url, deploy_url, github_url, like_count, view_count,
                    comment_count, start_date, end_date, owner_id, description, troubleshooting)
values (47, '프로젝트 47', '프로젝트 47 더미데이터', '프로젝트 47 더미데이터 입니다.',
        'https://sidepeek-bucket.s3.ap-northeast-2.amazonaws.com/image/prod/c43ae359-8200-4683-a3f7-363044699f31.jpg',
        'https://github.com', 'https://github.com', 0, 47, 0, '2024-01-01', '2024-03-01', 1, '# 프로젝트 47 기능',
        '# 프로젝트 프로젝트 47 기능');
insert into project(id, name, sub_name, overview, thumbnail_url, deploy_url, github_url, like_count, view_count,
                    comment_count, start_date, end_date, owner_id, description, troubleshooting)
values (48, '프로젝트 48', '프로젝트 48 더미데이터', '프로젝트 48 더미데이터 입니다.',
        'https://sidepeek-bucket.s3.ap-northeast-2.amazonaws.com/image/prod/c43ae359-8200-4683-a3f7-363044699f31.jpg',
        'https://github.com', 'https://github.com', 0, 48, 0, '2024-01-01', '2024-03-01', 1, '# 프로젝트 48 기능',
        '# 프로젝트 프로젝트 48 기능');
insert into project(id, name, sub_name, overview, thumbnail_url, deploy_url, github_url, like_count, view_count,
                    comment_count, start_date, end_date, owner_id, description, troubleshooting)
values (49, '프로젝트 49', '프로젝트 49 더미데이터', '프로젝트 49 더미데이터 입니다.',
        'https://sidepeek-bucket.s3.ap-northeast-2.amazonaws.com/image/prod/c43ae359-8200-4683-a3f7-363044699f31.jpg',
        'https://github.com', 'https://github.com', 0, 49, 0, '2024-01-01', '2024-03-01', 1, '# 프로젝트 49 기능',
        '# 프로젝트 프로젝트 49 기능');
insert into project(id, name, sub_name, overview, thumbnail_url, deploy_url, github_url, like_count, view_count,
                    comment_count, start_date, end_date, owner_id, description, troubleshooting)
values (50, '프로젝트 50', '프로젝트 50 더미데이터', '프로젝트 50 더미데이터 입니다.',
        'https://sidepeek-bucket.s3.ap-northeast-2.amazonaws.com/image/prod/c43ae359-8200-4683-a3f7-363044699f31.jpg',
        'https://github.com', 'https://github.com', 0, 49, 0, '2024-01-01', '2024-03-01', 1, '# 프로젝트 50 기능',
        '# 프로젝트 프로젝트 50 기능');

-- PROJECT_MEMBER
insert into project_member(id, project_id, user_id, role, nickname)
values (1, 1, 1, '기획', 'Jinny');
insert into project_member(id, project_id, user_id, role, nickname)
values (2, 2, 1, '기획', 'Jinny');
insert into project_member(id, project_id, user_id, role, nickname)
values (3, 3, 1, '기획', 'Jinny');
insert into project_member(id, project_id, user_id, role, nickname)
values (4, 4, 1, '기획', 'Jinny');
insert into project_member(id, project_id, user_id, role, nickname)
values (5, 5, 1, '기획', 'Jinny');
insert into project_member(id, project_id, user_id, role, nickname)
values (6, 6, 1, '기획', 'Jinny');
insert into project_member(id, project_id, user_id, role, nickname)
values (7, 7, 1, '기획', 'Jinny');
insert into project_member(id, project_id, user_id, role, nickname)
values (8, 8, 1, '기획', 'Jinny');
insert into project_member(id, project_id, user_id, role, nickname)
values (9, 9, 1, '기획', 'Jinny');
insert into project_member(id, project_id, user_id, role, nickname)
values (10, 10, 1, '기획', 'Jinny');
insert into project_member(id, project_id, user_id, role, nickname)
values (11, 11, 1, '기획', 'Jinny');
insert into project_member(id, project_id, user_id, role, nickname)
values (12, 12, 1, '기획', 'Jinny');
insert into project_member(id, project_id, user_id, role, nickname)
values (13, 13, 1, '기획', 'Jinny');
insert into project_member(id, project_id, user_id, role, nickname)
values (14, 14, 1, '기획', 'Jinny');
insert into project_member(id, project_id, user_id, role, nickname)
values (15, 15, 1, '기획', 'Jinny');
insert into project_member(id, project_id, user_id, role, nickname)
values (16, 16, 1, '기획', 'Jinny');
insert into project_member(id, project_id, user_id, role, nickname)
values (17, 17, 1, '기획', 'Jinny');
insert into project_member(id, project_id, user_id, role, nickname)
values (18, 18, 1, '기획', 'Jinny');
insert into project_member(id, project_id, user_id, role, nickname)
values (19, 19, 1, '기획', 'Jinny');
insert into project_member(id, project_id, user_id, role, nickname)
values (20, 20, 1, '기획', 'Jinny');
insert into project_member(id, project_id, user_id, role, nickname)
values (21, 21, 1, '기획', 'Jinny');
insert into project_member(id, project_id, user_id, role, nickname)
values (22, 22, 1, '기획', 'Jinny');
insert into project_member(id, project_id, user_id, role, nickname)
values (23, 23, 1, '기획', 'Jinny');
insert into project_member(id, project_id, user_id, role, nickname)
values (24, 24, 1, '기획', 'Jinny');
insert into project_member(id, project_id, user_id, role, nickname)
values (25, 25, 1, '기획', 'Jinny');
insert into project_member(id, project_id, user_id, role, nickname)
values (26, 26, 1, '기획', 'Jinny');
insert into project_member(id, project_id, user_id, role, nickname)
values (27, 27, 1, '기획', 'Jinny');
insert into project_member(id, project_id, user_id, role, nickname)
values (28, 28, 1, '기획', 'Jinny');
insert into project_member(id, project_id, user_id, role, nickname)
values (29, 29, 1, '기획', 'Jinny');
insert into project_member(id, project_id, user_id, role, nickname)
values (30, 30, 1, '기획', 'Jinny');
insert into project_member(id, project_id, user_id, role, nickname)
values (31, 31, 1, '기획', 'Jinny');
insert into project_member(id, project_id, user_id, role, nickname)
values (32, 32, 1, '기획', 'Jinny');
insert into project_member(id, project_id, user_id, role, nickname)
values (33, 33, 1, '기획', 'Jinny');
insert into project_member(id, project_id, user_id, role, nickname)
values (34, 34, 1, '기획', 'Jinny');
insert into project_member(id, project_id, user_id, role, nickname)
values (35, 35, 1, '기획', 'Jinny');
insert into project_member(id, project_id, user_id, role, nickname)
values (36, 36, 1, '기획', 'Jinny');
insert into project_member(id, project_id, user_id, role, nickname)
values (37, 37, 1, '기획', 'Jinny');
insert into project_member(id, project_id, user_id, role, nickname)
values (38, 38, 1, '기획', 'Jinny');
insert into project_member(id, project_id, user_id, role, nickname)
values (39, 39, 1, '기획', 'Jinny');
insert into project_member(id, project_id, user_id, role, nickname)
values (40, 40, 1, '기획', 'Jinny');
insert into project_member(id, project_id, user_id, role, nickname)
values (41, 41, 1, '기획', 'Jinny');
insert into project_member(id, project_id, user_id, role, nickname)
values (42, 42, 1, '기획', 'Jinny');
insert into project_member(id, project_id, user_id, role, nickname)
values (43, 43, 1, '기획', 'Jinny');
insert into project_member(id, project_id, user_id, role, nickname)
values (44, 44, 1, '기획', 'Jinny');
insert into project_member(id, project_id, user_id, role, nickname)
values (45, 45, 1, '기획', 'Jinny');
insert into project_member(id, project_id, user_id, role, nickname)
values (46, 46, 1, '기획', 'Jinny');
insert into project_member(id, project_id, user_id, role, nickname)
values (47, 47, 1, '기획', 'Jinny');
insert into project_member(id, project_id, user_id, role, nickname)
values (48, 48, 1, '기획', 'Jinny');
insert into project_member(id, project_id, user_id, role, nickname)
values (49, 49, 1, '기획', 'Jinny');
insert into project_member(id, project_id, user_id, role, nickname)
values (50, 50, 1, '기획', 'Jinny');
insert into project_member(id, project_id, user_id, role, nickname)
values (51, 1, 2, '프론트엔드', 'Donggun');
insert into project_member(id, project_id, user_id, role, nickname)
values (52, 2, 2, '프론트엔드', 'Donggun');
insert into project_member(id, project_id, user_id, role, nickname)
values (53, 3, 2, '프론트엔드', 'Donggun');
insert into project_member(id, project_id, user_id, role, nickname)
values (54, 4, 2, '프론트엔드', 'Donggun');
insert into project_member(id, project_id, user_id, role, nickname)
values (55, 5, 2, '프론트엔드', 'Donggun');
insert into project_member(id, project_id, user_id, role, nickname)
values (56, 6, 2, '프론트엔드', 'Donggun');
insert into project_member(id, project_id, user_id, role, nickname)
values (57, 7, 2, '프론트엔드', 'Donggun');
insert into project_member(id, project_id, user_id, role, nickname)
values (58, 8, 2, '프론트엔드', 'Donggun');
insert into project_member(id, project_id, user_id, role, nickname)
values (59, 9, 2, '프론트엔드', 'Donggun');
insert into project_member(id, project_id, user_id, role, nickname)
values (60, 10, 2, '프론트엔드', 'Donggun');
insert into project_member(id, project_id, user_id, role, nickname)
values (61, 1, 3, '백엔드', 'Hailey');
insert into project_member(id, project_id, user_id, role, nickname)
values (62, 2, 3, '백엔드', 'Hailey');
insert into project_member(id, project_id, user_id, role, nickname)
values (63, 3, 3, '백엔드', 'Hailey');
insert into project_member(id, project_id, user_id, role, nickname)
values (64, 4, 3, '백엔드', 'Hailey');
insert into project_member(id, project_id, user_id, role, nickname)
values (65, 5, 3, '백엔드', 'Hailey');
insert into project_member(id, project_id, user_id, role, nickname)
values (66, 6, 3, '백엔드', 'Hailey');
insert into project_member(id, project_id, user_id, role, nickname)
values (67, 7, 3, '백엔드', 'Hailey');
insert into project_member(id, project_id, user_id, role, nickname)
values (68, 8, 3, '백엔드', 'Hailey');
insert into project_member(id, project_id, user_id, role, nickname)
values (69, 9, 3, '백엔드', 'Hailey');
insert into project_member(id, project_id, user_id, role, nickname)
values (70, 10, 3, '백엔드', 'Hailey');
insert into project_member(id, project_id, user_id, role, nickname)
values (71, 1, 4, '프론트엔드', 'Hun Oh');
insert into project_member(id, project_id, user_id, role, nickname)
values (72, 2, 4, '프론트엔드', 'Hun Oh');
insert into project_member(id, project_id, user_id, role, nickname)
values (73, 3, 4, '프론트엔드', 'Hun Oh');
insert into project_member(id, project_id, user_id, role, nickname)
values (74, 4, 4, '프론트엔드', 'Hun Oh');
insert into project_member(id, project_id, user_id, role, nickname)
values (75, 5, 4, '프론트엔드', 'Hun Oh');
insert into project_member(id, project_id, user_id, role, nickname)
values (76, 6, 4, '프론트엔드', 'Hun Oh');
insert into project_member(id, project_id, user_id, role, nickname)
values (77, 7, 4, '프론트엔드', 'Hun Oh');
insert into project_member(id, project_id, user_id, role, nickname)
values (78, 8, 4, '프론트엔드', 'Hun Oh');
insert into project_member(id, project_id, user_id, role, nickname)
values (79, 9, 4, '프론트엔드', 'Hun Oh');
insert into project_member(id, project_id, user_id, role, nickname)
values (80, 10, 4, '프론트엔드', 'Hun Oh');
insert into project_member(id, project_id, user_id, role, nickname)
values (81, 1, 5, '디자인', '밀루');
insert into project_member(id, project_id, user_id, role, nickname)
values (82, 2, 5, '디자인', '밀루');
insert into project_member(id, project_id, user_id, role, nickname)
values (83, 3, 5, '디자인', '밀루');
insert into project_member(id, project_id, user_id, role, nickname)
values (84, 4, 5, '디자인', '밀루');
insert into project_member(id, project_id, user_id, role, nickname)
values (85, 5, 5, '디자인', '밀루');
insert into project_member(id, project_id, user_id, role, nickname)
values (86, 6, 5, '디자인', '밀루');
insert into project_member(id, project_id, user_id, role, nickname)
values (87, 7, 5, '디자인', '밀루');
insert into project_member(id, project_id, user_id, role, nickname)
values (88, 8, 5, '디자인', '밀루');
insert into project_member(id, project_id, user_id, role, nickname)
values (89, 9, 5, '디자인', '밀루');
insert into project_member(id, project_id, user_id, role, nickname)
values (90, 10, 5, '디자인', '밀루');
insert into project_member(id, project_id, user_id, role, nickname)
values (91, 1, 6, '프론트엔드', 'mino');
insert into project_member(id, project_id, user_id, role, nickname)
values (92, 2, 6, '프론트엔드', 'mino');
insert into project_member(id, project_id, user_id, role, nickname)
values (93, 3, 6, '프론트엔드', 'mino');
insert into project_member(id, project_id, user_id, role, nickname)
values (94, 4, 6, '프론트엔드', 'mino');
insert into project_member(id, project_id, user_id, role, nickname)
values (95, 5, 6, '프론트엔드', 'mino');
insert into project_member(id, project_id, user_id, role, nickname)
values (96, 6, 6, '프론트엔드', 'mino');
insert into project_member(id, project_id, user_id, role, nickname)
values (97, 7, 6, '프론트엔드', 'mino');
insert into project_member(id, project_id, user_id, role, nickname)
values (98, 8, 6, '프론트엔드', 'mino');
insert into project_member(id, project_id, user_id, role, nickname)
values (99, 9, 6, '프론트엔드', 'mino');
insert into project_member(id, project_id, user_id, role, nickname)
values (100, 10, 6, '프론트엔드', 'mino');
insert into project_member(id, project_id, user_id, role, nickname)
values (101, 1, 7, '프론트엔드', 'jong');
insert into project_member(id, project_id, user_id, role, nickname)
values (102, 2, 7, '프론트엔드', 'jong');
insert into project_member(id, project_id, user_id, role, nickname)
values (103, 3, 7, '프론트엔드', 'jong');
insert into project_member(id, project_id, user_id, role, nickname)
values (104, 4, 7, '프론트엔드', 'jong');
insert into project_member(id, project_id, user_id, role, nickname)
values (105, 5, 7, '프론트엔드', 'jong');
insert into project_member(id, project_id, user_id, role, nickname)
values (106, 6, 7, '프론트엔드', 'jong');
insert into project_member(id, project_id, user_id, role, nickname)
values (107, 7, 7, '프론트엔드', 'jong');
insert into project_member(id, project_id, user_id, role, nickname)
values (108, 8, 7, '프론트엔드', 'jong');
insert into project_member(id, project_id, user_id, role, nickname)
values (109, 9, 7, '프론트엔드', 'jong');
insert into project_member(id, project_id, user_id, role, nickname)
values (110, 10, 7, '프론트엔드', 'jong');
insert into project_member(id, project_id, user_id, role, nickname)
values (111, 1, 8, '백엔드', 'Yen');
insert into project_member(id, project_id, user_id, role, nickname)
values (112, 2, 8, '백엔드', 'Yen');
insert into project_member(id, project_id, user_id, role, nickname)
values (113, 3, 8, '백엔드', 'Yen');
insert into project_member(id, project_id, user_id, role, nickname)
values (114, 4, 8, '백엔드', 'Yen');
insert into project_member(id, project_id, user_id, role, nickname)
values (115, 5, 8, '백엔드', 'Yen');
insert into project_member(id, project_id, user_id, role, nickname)
values (116, 6, 8, '백엔드', 'Yen');
insert into project_member(id, project_id, user_id, role, nickname)
values (117, 7, 8, '백엔드', 'Yen');
insert into project_member(id, project_id, user_id, role, nickname)
values (118, 8, 8, '백엔드', 'Yen');
insert into project_member(id, project_id, user_id, role, nickname)
values (119, 9, 8, '백엔드', 'Yen');
insert into project_member(id, project_id, user_id, role, nickname)
values (120, 10, 8, '백엔드', 'Yen');

-- FILE
insert into files(id, project_id, url)
values (1, 1,
        'https://sidepeek-bucket.s3.ap-northeast-2.amazonaws.com/image/prod/c43ae359-8200-4683-a3f7-363044699f31.jpg');
insert into files(id, project_id, url)
values (2, 2,
        'https://sidepeek-bucket.s3.ap-northeast-2.amazonaws.com/image/prod/c43ae359-8200-4683-a3f7-363044699f31.jpg');
insert into files(id, project_id, url)
values (3, 3,
        'https://sidepeek-bucket.s3.ap-northeast-2.amazonaws.com/image/prod/c43ae359-8200-4683-a3f7-363044699f31.jpg');
insert into files(id, project_id, url)
values (4, 4,
        'https://sidepeek-bucket.s3.ap-northeast-2.amazonaws.com/image/prod/c43ae359-8200-4683-a3f7-363044699f31.jpg');
insert into files(id, project_id, url)
values (5, 5,
        'https://sidepeek-bucket.s3.ap-northeast-2.amazonaws.com/image/prod/c43ae359-8200-4683-a3f7-363044699f31.jpg');
insert into files(id, project_id, url)
values (6, 6,
        'https://sidepeek-bucket.s3.ap-northeast-2.amazonaws.com/image/prod/c43ae359-8200-4683-a3f7-363044699f31.jpg');
insert into files(id, project_id, url)
values (7, 7,
        'https://sidepeek-bucket.s3.ap-northeast-2.amazonaws.com/image/prod/c43ae359-8200-4683-a3f7-363044699f31.jpg');
insert into files(id, project_id, url)
values (8, 8,
        'https://sidepeek-bucket.s3.ap-northeast-2.amazonaws.com/image/prod/c43ae359-8200-4683-a3f7-363044699f31.jpg');
insert into files(id, project_id, url)
values (9, 9,
        'https://sidepeek-bucket.s3.ap-northeast-2.amazonaws.com/image/prod/c43ae359-8200-4683-a3f7-363044699f31.jpg');
insert into files(id, project_id, url)
values (10, 10,
        'https://sidepeek-bucket.s3.ap-northeast-2.amazonaws.com/image/prod/c43ae359-8200-4683-a3f7-363044699f31.jpg');
insert into files(id, project_id, url)
values (11, 11,
        'https://sidepeek-bucket.s3.ap-northeast-2.amazonaws.com/image/prod/c43ae359-8200-4683-a3f7-363044699f31.jpg');
insert into files(id, project_id, url)
values (12, 12,
        'https://sidepeek-bucket.s3.ap-northeast-2.amazonaws.com/image/prod/c43ae359-8200-4683-a3f7-363044699f31.jpg');
insert into files(id, project_id, url)
values (13, 13,
        'https://sidepeek-bucket.s3.ap-northeast-2.amazonaws.com/image/prod/c43ae359-8200-4683-a3f7-363044699f31.jpg');
insert into files(id, project_id, url)
values (14, 14,
        'https://sidepeek-bucket.s3.ap-northeast-2.amazonaws.com/image/prod/c43ae359-8200-4683-a3f7-363044699f31.jpg');
insert into files(id, project_id, url)
values (15, 15,
        'https://sidepeek-bucket.s3.ap-northeast-2.amazonaws.com/image/prod/c43ae359-8200-4683-a3f7-363044699f31.jpg');
insert into files(id, project_id, url)
values (16, 16,
        'https://sidepeek-bucket.s3.ap-northeast-2.amazonaws.com/image/prod/c43ae359-8200-4683-a3f7-363044699f31.jpg');
insert into files(id, project_id, url)
values (17, 17,
        'https://sidepeek-bucket.s3.ap-northeast-2.amazonaws.com/image/prod/c43ae359-8200-4683-a3f7-363044699f31.jpg');
insert into files(id, project_id, url)
values (18, 18,
        'https://sidepeek-bucket.s3.ap-northeast-2.amazonaws.com/image/prod/c43ae359-8200-4683-a3f7-363044699f31.jpg');
insert into files(id, project_id, url)
values (19, 19,
        'https://sidepeek-bucket.s3.ap-northeast-2.amazonaws.com/image/prod/c43ae359-8200-4683-a3f7-363044699f31.jpg');
insert into files(id, project_id, url)
values (20, 20,
        'https://sidepeek-bucket.s3.ap-northeast-2.amazonaws.com/image/prod/c43ae359-8200-4683-a3f7-363044699f31.jpg');
insert into files(id, project_id, url)
values (21, 21,
        'https://sidepeek-bucket.s3.ap-northeast-2.amazonaws.com/image/prod/c43ae359-8200-4683-a3f7-363044699f31.jpg');
insert into files(id, project_id, url)
values (22, 22,
        'https://sidepeek-bucket.s3.ap-northeast-2.amazonaws.com/image/prod/c43ae359-8200-4683-a3f7-363044699f31.jpg');
insert into files(id, project_id, url)
values (23, 23,
        'https://sidepeek-bucket.s3.ap-northeast-2.amazonaws.com/image/prod/c43ae359-8200-4683-a3f7-363044699f31.jpg');
insert into files(id, project_id, url)
values (24, 24,
        'https://sidepeek-bucket.s3.ap-northeast-2.amazonaws.com/image/prod/c43ae359-8200-4683-a3f7-363044699f31.jpg');
insert into files(id, project_id, url)
values (25, 25,
        'https://sidepeek-bucket.s3.ap-northeast-2.amazonaws.com/image/prod/c43ae359-8200-4683-a3f7-363044699f31.jpg');
insert into files(id, project_id, url)
values (26, 26,
        'https://sidepeek-bucket.s3.ap-northeast-2.amazonaws.com/image/prod/c43ae359-8200-4683-a3f7-363044699f31.jpg');
insert into files(id, project_id, url)
values (27, 27,
        'https://sidepeek-bucket.s3.ap-northeast-2.amazonaws.com/image/prod/c43ae359-8200-4683-a3f7-363044699f31.jpg');
insert into files(id, project_id, url)
values (28, 28,
        'https://sidepeek-bucket.s3.ap-northeast-2.amazonaws.com/image/prod/c43ae359-8200-4683-a3f7-363044699f31.jpg');
insert into files(id, project_id, url)
values (29, 29,
        'https://sidepeek-bucket.s3.ap-northeast-2.amazonaws.com/image/prod/c43ae359-8200-4683-a3f7-363044699f31.jpg');
insert into files(id, project_id, url)
values (30, 30,
        'https://sidepeek-bucket.s3.ap-northeast-2.amazonaws.com/image/prod/c43ae359-8200-4683-a3f7-363044699f31.jpg');
insert into files(id, project_id, url)
values (31, 31,
        'https://sidepeek-bucket.s3.ap-northeast-2.amazonaws.com/image/prod/c43ae359-8200-4683-a3f7-363044699f31.jpg');
insert into files(id, project_id, url)
values (32, 32,
        'https://sidepeek-bucket.s3.ap-northeast-2.amazonaws.com/image/prod/c43ae359-8200-4683-a3f7-363044699f31.jpg');
insert into files(id, project_id, url)
values (33, 33,
        'https://sidepeek-bucket.s3.ap-northeast-2.amazonaws.com/image/prod/c43ae359-8200-4683-a3f7-363044699f31.jpg');
insert into files(id, project_id, url)
values (34, 34,
        'https://sidepeek-bucket.s3.ap-northeast-2.amazonaws.com/image/prod/c43ae359-8200-4683-a3f7-363044699f31.jpg');
insert into files(id, project_id, url)
values (35, 35,
        'https://sidepeek-bucket.s3.ap-northeast-2.amazonaws.com/image/prod/c43ae359-8200-4683-a3f7-363044699f31.jpg');
insert into files(id, project_id, url)
values (36, 36,
        'https://sidepeek-bucket.s3.ap-northeast-2.amazonaws.com/image/prod/c43ae359-8200-4683-a3f7-363044699f31.jpg');
insert into files(id, project_id, url)
values (37, 37,
        'https://sidepeek-bucket.s3.ap-northeast-2.amazonaws.com/image/prod/c43ae359-8200-4683-a3f7-363044699f31.jpg');
insert into files(id, project_id, url)
values (38, 38,
        'https://sidepeek-bucket.s3.ap-northeast-2.amazonaws.com/image/prod/c43ae359-8200-4683-a3f7-363044699f31.jpg');
insert into files(id, project_id, url)
values (39, 39,
        'https://sidepeek-bucket.s3.ap-northeast-2.amazonaws.com/image/prod/c43ae359-8200-4683-a3f7-363044699f31.jpg');
insert into files(id, project_id, url)
values (40, 40,
        'https://sidepeek-bucket.s3.ap-northeast-2.amazonaws.com/image/prod/c43ae359-8200-4683-a3f7-363044699f31.jpg');
insert into files(id, project_id, url)
values (41, 41,
        'https://sidepeek-bucket.s3.ap-northeast-2.amazonaws.com/image/prod/c43ae359-8200-4683-a3f7-363044699f31.jpg');
insert into files(id, project_id, url)
values (42, 42,
        'https://sidepeek-bucket.s3.ap-northeast-2.amazonaws.com/image/prod/c43ae359-8200-4683-a3f7-363044699f31.jpg');
insert into files(id, project_id, url)
values (43, 43,
        'https://sidepeek-bucket.s3.ap-northeast-2.amazonaws.com/image/prod/c43ae359-8200-4683-a3f7-363044699f31.jpg');
insert into files(id, project_id, url)
values (44, 44,
        'https://sidepeek-bucket.s3.ap-northeast-2.amazonaws.com/image/prod/c43ae359-8200-4683-a3f7-363044699f31.jpg');
insert into files(id, project_id, url)
values (45, 45,
        'https://sidepeek-bucket.s3.ap-northeast-2.amazonaws.com/image/prod/c43ae359-8200-4683-a3f7-363044699f31.jpg');
insert into files(id, project_id, url)
values (46, 46,
        'https://sidepeek-bucket.s3.ap-northeast-2.amazonaws.com/image/prod/c43ae359-8200-4683-a3f7-363044699f31.jpg');
insert into files(id, project_id, url)
values (47, 47,
        'https://sidepeek-bucket.s3.ap-northeast-2.amazonaws.com/image/prod/c43ae359-8200-4683-a3f7-363044699f31.jpg');
insert into files(id, project_id, url)
values (48, 48,
        'https://sidepeek-bucket.s3.ap-northeast-2.amazonaws.com/image/prod/c43ae359-8200-4683-a3f7-363044699f31.jpg');
insert into files(id, project_id, url)
values (49, 49,
        'https://sidepeek-bucket.s3.ap-northeast-2.amazonaws.com/image/prod/c43ae359-8200-4683-a3f7-363044699f31.jpg');
insert into files(id, project_id, url)
values (50, 50,
        'https://sidepeek-bucket.s3.ap-northeast-2.amazonaws.com/image/prod/c43ae359-8200-4683-a3f7-363044699f31.jpg');
insert into files(id, project_id, url)
values (51, 1,
        'https://sidepeek-bucket.s3.ap-northeast-2.amazonaws.com/image/prod/c919a5f1-0b87-461c-b936-33213a449067.png');
insert into files(id, project_id, url)
values (52, 2,
        'https://sidepeek-bucket.s3.ap-northeast-2.amazonaws.com/image/prod/c919a5f1-0b87-461c-b936-33213a449067.png');
insert into files(id, project_id, url)
values (53, 3,
        'https://sidepeek-bucket.s3.ap-northeast-2.amazonaws.com/image/prod/c919a5f1-0b87-461c-b936-33213a449067.png');
insert into files(id, project_id, url)
values (54, 4,
        'https://sidepeek-bucket.s3.ap-northeast-2.amazonaws.com/image/prod/c919a5f1-0b87-461c-b936-33213a449067.png');
insert into files(id, project_id, url)
values (55, 5,
        'https://sidepeek-bucket.s3.ap-northeast-2.amazonaws.com/image/prod/c919a5f1-0b87-461c-b936-33213a449067.png');
insert into files(id, project_id, url)
values (56, 6,
        'https://sidepeek-bucket.s3.ap-northeast-2.amazonaws.com/image/prod/c919a5f1-0b87-461c-b936-33213a449067.png');
insert into files(id, project_id, url)
values (57, 7,
        'https://sidepeek-bucket.s3.ap-northeast-2.amazonaws.com/image/prod/c919a5f1-0b87-461c-b936-33213a449067.png');
insert into files(id, project_id, url)
values (58, 8,
        'https://sidepeek-bucket.s3.ap-northeast-2.amazonaws.com/image/prod/c919a5f1-0b87-461c-b936-33213a449067.png');
insert into files(id, project_id, url)
values (59, 9,
        'https://sidepeek-bucket.s3.ap-northeast-2.amazonaws.com/image/prod/c919a5f1-0b87-461c-b936-33213a449067.png');
insert into files(id, project_id, url)
values (60, 10,
        'https://sidepeek-bucket.s3.ap-northeast-2.amazonaws.com/image/prod/c919a5f1-0b87-461c-b936-33213a449067.png');
insert into files(id, project_id, url)
values (61, 11,
        'https://sidepeek-bucket.s3.ap-northeast-2.amazonaws.com/image/prod/c919a5f1-0b87-461c-b936-33213a449067.png');
insert into files(id, project_id, url)
values (62, 12,
        'https://sidepeek-bucket.s3.ap-northeast-2.amazonaws.com/image/prod/c919a5f1-0b87-461c-b936-33213a449067.png');
insert into files(id, project_id, url)
values (63, 13,
        'https://sidepeek-bucket.s3.ap-northeast-2.amazonaws.com/image/prod/c919a5f1-0b87-461c-b936-33213a449067.png');
insert into files(id, project_id, url)
values (64, 14,
        'https://sidepeek-bucket.s3.ap-northeast-2.amazonaws.com/image/prod/c919a5f1-0b87-461c-b936-33213a449067.png');
insert into files(id, project_id, url)
values (65, 15,
        'https://sidepeek-bucket.s3.ap-northeast-2.amazonaws.com/image/prod/c919a5f1-0b87-461c-b936-33213a449067.png');
insert into files(id, project_id, url)
values (66, 16,
        'https://sidepeek-bucket.s3.ap-northeast-2.amazonaws.com/image/prod/c919a5f1-0b87-461c-b936-33213a449067.png');
insert into files(id, project_id, url)
values (67, 17,
        'https://sidepeek-bucket.s3.ap-northeast-2.amazonaws.com/image/prod/c919a5f1-0b87-461c-b936-33213a449067.png');
insert into files(id, project_id, url)
values (68, 18,
        'https://sidepeek-bucket.s3.ap-northeast-2.amazonaws.com/image/prod/c919a5f1-0b87-461c-b936-33213a449067.png');
insert into files(id, project_id, url)
values (69, 19,
        'https://sidepeek-bucket.s3.ap-northeast-2.amazonaws.com/image/prod/c919a5f1-0b87-461c-b936-33213a449067.png');
insert into files(id, project_id, url)
values (70, 20,
        'https://sidepeek-bucket.s3.ap-northeast-2.amazonaws.com/image/prod/c919a5f1-0b87-461c-b936-33213a449067.png');
insert into files(id, project_id, url)
values (71, 21,
        'https://sidepeek-bucket.s3.ap-northeast-2.amazonaws.com/image/prod/c919a5f1-0b87-461c-b936-33213a449067.png');
insert into files(id, project_id, url)
values (72, 22,
        'https://sidepeek-bucket.s3.ap-northeast-2.amazonaws.com/image/prod/c919a5f1-0b87-461c-b936-33213a449067.png');
insert into files(id, project_id, url)
values (73, 23,
        'https://sidepeek-bucket.s3.ap-northeast-2.amazonaws.com/image/prod/c919a5f1-0b87-461c-b936-33213a449067.png');
insert into files(id, project_id, url)
values (74, 24,
        'https://sidepeek-bucket.s3.ap-northeast-2.amazonaws.com/image/prod/c919a5f1-0b87-461c-b936-33213a449067.png');
insert into files(id, project_id, url)
values (75, 25,
        'https://sidepeek-bucket.s3.ap-northeast-2.amazonaws.com/image/prod/c919a5f1-0b87-461c-b936-33213a449067.png');
insert into files(id, project_id, url)
values (76, 26,
        'https://sidepeek-bucket.s3.ap-northeast-2.amazonaws.com/image/prod/c919a5f1-0b87-461c-b936-33213a449067.png');
insert into files(id, project_id, url)
values (77, 27,
        'https://sidepeek-bucket.s3.ap-northeast-2.amazonaws.com/image/prod/c919a5f1-0b87-461c-b936-33213a449067.png');
insert into files(id, project_id, url)
values (78, 28,
        'https://sidepeek-bucket.s3.ap-northeast-2.amazonaws.com/image/prod/c919a5f1-0b87-461c-b936-33213a449067.png');
insert into files(id, project_id, url)
values (79, 29,
        'https://sidepeek-bucket.s3.ap-northeast-2.amazonaws.com/image/prod/c919a5f1-0b87-461c-b936-33213a449067.png');
insert into files(id, project_id, url)
values (80, 30,
        'https://sidepeek-bucket.s3.ap-northeast-2.amazonaws.com/image/prod/c919a5f1-0b87-461c-b936-33213a449067.png');
insert into files(id, project_id, url)
values (81, 31,
        'https://sidepeek-bucket.s3.ap-northeast-2.amazonaws.com/image/prod/c919a5f1-0b87-461c-b936-33213a449067.png');
insert into files(id, project_id, url)
values (82, 32,
        'https://sidepeek-bucket.s3.ap-northeast-2.amazonaws.com/image/prod/c919a5f1-0b87-461c-b936-33213a449067.png');
insert into files(id, project_id, url)
values (83, 33,
        'https://sidepeek-bucket.s3.ap-northeast-2.amazonaws.com/image/prod/c919a5f1-0b87-461c-b936-33213a449067.png');
insert into files(id, project_id, url)
values (84, 34,
        'https://sidepeek-bucket.s3.ap-northeast-2.amazonaws.com/image/prod/c919a5f1-0b87-461c-b936-33213a449067.png');
insert into files(id, project_id, url)
values (85, 35,
        'https://sidepeek-bucket.s3.ap-northeast-2.amazonaws.com/image/prod/c919a5f1-0b87-461c-b936-33213a449067.png');
insert into files(id, project_id, url)
values (86, 36,
        'https://sidepeek-bucket.s3.ap-northeast-2.amazonaws.com/image/prod/c919a5f1-0b87-461c-b936-33213a449067.png');
insert into files(id, project_id, url)
values (87, 37,
        'https://sidepeek-bucket.s3.ap-northeast-2.amazonaws.com/image/prod/c919a5f1-0b87-461c-b936-33213a449067.png');
insert into files(id, project_id, url)
values (88, 38,
        'https://sidepeek-bucket.s3.ap-northeast-2.amazonaws.com/image/prod/c919a5f1-0b87-461c-b936-33213a449067.png');
insert into files(id, project_id, url)
values (89, 39,
        'https://sidepeek-bucket.s3.ap-northeast-2.amazonaws.com/image/prod/c919a5f1-0b87-461c-b936-33213a449067.png');
insert into files(id, project_id, url)
values (90, 40,
        'https://sidepeek-bucket.s3.ap-northeast-2.amazonaws.com/image/prod/c919a5f1-0b87-461c-b936-33213a449067.png');
insert into files(id, project_id, url)
values (91, 41,
        'https://sidepeek-bucket.s3.ap-northeast-2.amazonaws.com/image/prod/c919a5f1-0b87-461c-b936-33213a449067.png');
insert into files(id, project_id, url)
values (92, 42,
        'https://sidepeek-bucket.s3.ap-northeast-2.amazonaws.com/image/prod/c919a5f1-0b87-461c-b936-33213a449067.png');
insert into files(id, project_id, url)
values (93, 43,
        'https://sidepeek-bucket.s3.ap-northeast-2.amazonaws.com/image/prod/c919a5f1-0b87-461c-b936-33213a449067.png');
insert into files(id, project_id, url)
values (94, 44,
        'https://sidepeek-bucket.s3.ap-northeast-2.amazonaws.com/image/prod/c919a5f1-0b87-461c-b936-33213a449067.png');
insert into files(id, project_id, url)
values (95, 45,
        'https://sidepeek-bucket.s3.ap-northeast-2.amazonaws.com/image/prod/c919a5f1-0b87-461c-b936-33213a449067.png');
insert into files(id, project_id, url)
values (96, 46,
        'https://sidepeek-bucket.s3.ap-northeast-2.amazonaws.com/image/prod/c919a5f1-0b87-461c-b936-33213a449067.png');
insert into files(id, project_id, url)
values (97, 47,
        'https://sidepeek-bucket.s3.ap-northeast-2.amazonaws.com/image/prod/c919a5f1-0b87-461c-b936-33213a449067.png');
insert into files(id, project_id, url)
values (98, 48,
        'https://sidepeek-bucket.s3.ap-northeast-2.amazonaws.com/image/prod/c919a5f1-0b87-461c-b936-33213a449067.png');
insert into files(id, project_id, url)
values (99, 49,
        'https://sidepeek-bucket.s3.ap-northeast-2.amazonaws.com/image/prod/c919a5f1-0b87-461c-b936-33213a449067.png');
insert into files(id, project_id, url)
values (100, 50,
        'https://sidepeek-bucket.s3.ap-northeast-2.amazonaws.com/image/prod/c919a5f1-0b87-461c-b936-33213a449067.png');
insert into files(id, project_id, url)
values (101, 1,
        'https://sidepeek-bucket.s3.ap-northeast-2.amazonaws.com/image/dev/c487821e-4cd5-497b-9741-beebef2e2a6d.png');
insert into files(id, project_id, url)
values (102, 2,
        'https://sidepeek-bucket.s3.ap-northeast-2.amazonaws.com/image/dev/c487821e-4cd5-497b-9741-beebef2e2a6d.png');
insert into files(id, project_id, url)
values (103, 3,
        'https://sidepeek-bucket.s3.ap-northeast-2.amazonaws.com/image/dev/c487821e-4cd5-497b-9741-beebef2e2a6d.png');
insert into files(id, project_id, url)
values (104, 4,
        'https://sidepeek-bucket.s3.ap-northeast-2.amazonaws.com/image/dev/c487821e-4cd5-497b-9741-beebef2e2a6d.png');
insert into files(id, project_id, url)
values (105, 5,
        'https://sidepeek-bucket.s3.ap-northeast-2.amazonaws.com/image/dev/c487821e-4cd5-497b-9741-beebef2e2a6d.png');
insert into files(id, project_id, url)
values (106, 6,
        'https://sidepeek-bucket.s3.ap-northeast-2.amazonaws.com/image/dev/c487821e-4cd5-497b-9741-beebef2e2a6d.png');
insert into files(id, project_id, url)
values (107, 7,
        'https://sidepeek-bucket.s3.ap-northeast-2.amazonaws.com/image/dev/c487821e-4cd5-497b-9741-beebef2e2a6d.png');
insert into files(id, project_id, url)
values (108, 8,
        'https://sidepeek-bucket.s3.ap-northeast-2.amazonaws.com/image/dev/c487821e-4cd5-497b-9741-beebef2e2a6d.png');
insert into files(id, project_id, url)
values (109, 9,
        'https://sidepeek-bucket.s3.ap-northeast-2.amazonaws.com/image/dev/c487821e-4cd5-497b-9741-beebef2e2a6d.png');
insert into files(id, project_id, url)
values (110, 10,
        'https://sidepeek-bucket.s3.ap-northeast-2.amazonaws.com/image/dev/c487821e-4cd5-497b-9741-beebef2e2a6d.png');
insert into files(id, project_id, url)
values (111, 11,
        'https://sidepeek-bucket.s3.ap-northeast-2.amazonaws.com/image/dev/c487821e-4cd5-497b-9741-beebef2e2a6d.png');
insert into files(id, project_id, url)
values (112, 12,
        'https://sidepeek-bucket.s3.ap-northeast-2.amazonaws.com/image/dev/c487821e-4cd5-497b-9741-beebef2e2a6d.png');
insert into files(id, project_id, url)
values (113, 13,
        'https://sidepeek-bucket.s3.ap-northeast-2.amazonaws.com/image/dev/c487821e-4cd5-497b-9741-beebef2e2a6d.png');
insert into files(id, project_id, url)
values (114, 14,
        'https://sidepeek-bucket.s3.ap-northeast-2.amazonaws.com/image/dev/c487821e-4cd5-497b-9741-beebef2e2a6d.png');
insert into files(id, project_id, url)
values (115, 15,
        'https://sidepeek-bucket.s3.ap-northeast-2.amazonaws.com/image/dev/c487821e-4cd5-497b-9741-beebef2e2a6d.png');
insert into files(id, project_id, url)
values (116, 16,
        'https://sidepeek-bucket.s3.ap-northeast-2.amazonaws.com/image/dev/c487821e-4cd5-497b-9741-beebef2e2a6d.png');
insert into files(id, project_id, url)
values (117, 17,
        'https://sidepeek-bucket.s3.ap-northeast-2.amazonaws.com/image/dev/c487821e-4cd5-497b-9741-beebef2e2a6d.png');
insert into files(id, project_id, url)
values (118, 18,
        'https://sidepeek-bucket.s3.ap-northeast-2.amazonaws.com/image/dev/c487821e-4cd5-497b-9741-beebef2e2a6d.png');
insert into files(id, project_id, url)
values (119, 19,
        'https://sidepeek-bucket.s3.ap-northeast-2.amazonaws.com/image/dev/c487821e-4cd5-497b-9741-beebef2e2a6d.png');
insert into files(id, project_id, url)
values (120, 20,
        'https://sidepeek-bucket.s3.ap-northeast-2.amazonaws.com/image/dev/c487821e-4cd5-497b-9741-beebef2e2a6d.png');
insert into files(id, project_id, url)
values (121, 21,
        'https://sidepeek-bucket.s3.ap-northeast-2.amazonaws.com/image/dev/c487821e-4cd5-497b-9741-beebef2e2a6d.png');
insert into files(id, project_id, url)
values (122, 22,
        'https://sidepeek-bucket.s3.ap-northeast-2.amazonaws.com/image/dev/c487821e-4cd5-497b-9741-beebef2e2a6d.png');
insert into files(id, project_id, url)
values (123, 23,
        'https://sidepeek-bucket.s3.ap-northeast-2.amazonaws.com/image/dev/c487821e-4cd5-497b-9741-beebef2e2a6d.png');
insert into files(id, project_id, url)
values (124, 24,
        'https://sidepeek-bucket.s3.ap-northeast-2.amazonaws.com/image/dev/c487821e-4cd5-497b-9741-beebef2e2a6d.png');
insert into files(id, project_id, url)
values (125, 25,
        'https://sidepeek-bucket.s3.ap-northeast-2.amazonaws.com/image/dev/c487821e-4cd5-497b-9741-beebef2e2a6d.png');
insert into files(id, project_id, url)
values (126, 26,
        'https://sidepeek-bucket.s3.ap-northeast-2.amazonaws.com/image/dev/c487821e-4cd5-497b-9741-beebef2e2a6d.png');
insert into files(id, project_id, url)
values (127, 27,
        'https://sidepeek-bucket.s3.ap-northeast-2.amazonaws.com/image/dev/c487821e-4cd5-497b-9741-beebef2e2a6d.png');
insert into files(id, project_id, url)
values (128, 28,
        'https://sidepeek-bucket.s3.ap-northeast-2.amazonaws.com/image/dev/c487821e-4cd5-497b-9741-beebef2e2a6d.png');
insert into files(id, project_id, url)
values (129, 29,
        'https://sidepeek-bucket.s3.ap-northeast-2.amazonaws.com/image/dev/c487821e-4cd5-497b-9741-beebef2e2a6d.png');
insert into files(id, project_id, url)
values (130, 30,
        'https://sidepeek-bucket.s3.ap-northeast-2.amazonaws.com/image/dev/c487821e-4cd5-497b-9741-beebef2e2a6d.png');
insert into files(id, project_id, url)
values (131, 31,
        'https://sidepeek-bucket.s3.ap-northeast-2.amazonaws.com/image/dev/c487821e-4cd5-497b-9741-beebef2e2a6d.png');
insert into files(id, project_id, url)
values (132, 32,
        'https://sidepeek-bucket.s3.ap-northeast-2.amazonaws.com/image/dev/c487821e-4cd5-497b-9741-beebef2e2a6d.png');
insert into files(id, project_id, url)
values (133, 33,
        'https://sidepeek-bucket.s3.ap-northeast-2.amazonaws.com/image/dev/c487821e-4cd5-497b-9741-beebef2e2a6d.png');
insert into files(id, project_id, url)
values (134, 34,
        'https://sidepeek-bucket.s3.ap-northeast-2.amazonaws.com/image/dev/c487821e-4cd5-497b-9741-beebef2e2a6d.png');
insert into files(id, project_id, url)
values (135, 35,
        'https://sidepeek-bucket.s3.ap-northeast-2.amazonaws.com/image/dev/c487821e-4cd5-497b-9741-beebef2e2a6d.png');
insert into files(id, project_id, url)
values (136, 36,
        'https://sidepeek-bucket.s3.ap-northeast-2.amazonaws.com/image/dev/c487821e-4cd5-497b-9741-beebef2e2a6d.png');
insert into files(id, project_id, url)
values (137, 37,
        'https://sidepeek-bucket.s3.ap-northeast-2.amazonaws.com/image/dev/c487821e-4cd5-497b-9741-beebef2e2a6d.png');
insert into files(id, project_id, url)
values (138, 38,
        'https://sidepeek-bucket.s3.ap-northeast-2.amazonaws.com/image/dev/c487821e-4cd5-497b-9741-beebef2e2a6d.png');
insert into files(id, project_id, url)
values (139, 39,
        'https://sidepeek-bucket.s3.ap-northeast-2.amazonaws.com/image/dev/c487821e-4cd5-497b-9741-beebef2e2a6d.png');
insert into files(id, project_id, url)
values (140, 40,
        'https://sidepeek-bucket.s3.ap-northeast-2.amazonaws.com/image/dev/c487821e-4cd5-497b-9741-beebef2e2a6d.png');
insert into files(id, project_id, url)
values (141, 41,
        'https://sidepeek-bucket.s3.ap-northeast-2.amazonaws.com/image/dev/c487821e-4cd5-497b-9741-beebef2e2a6d.png');
insert into files(id, project_id, url)
values (142, 42,
        'https://sidepeek-bucket.s3.ap-northeast-2.amazonaws.com/image/dev/c487821e-4cd5-497b-9741-beebef2e2a6d.png');
insert into files(id, project_id, url)
values (143, 43,
        'https://sidepeek-bucket.s3.ap-northeast-2.amazonaws.com/image/dev/c487821e-4cd5-497b-9741-beebef2e2a6d.png');
insert into files(id, project_id, url)
values (144, 44,
        'https://sidepeek-bucket.s3.ap-northeast-2.amazonaws.com/image/dev/c487821e-4cd5-497b-9741-beebef2e2a6d.png');
insert into files(id, project_id, url)
values (145, 45,
        'https://sidepeek-bucket.s3.ap-northeast-2.amazonaws.com/image/dev/c487821e-4cd5-497b-9741-beebef2e2a6d.png');
insert into files(id, project_id, url)
values (146, 46,
        'https://sidepeek-bucket.s3.ap-northeast-2.amazonaws.com/image/dev/c487821e-4cd5-497b-9741-beebef2e2a6d.png');
insert into files(id, project_id, url)
values (147, 47,
        'https://sidepeek-bucket.s3.ap-northeast-2.amazonaws.com/image/dev/c487821e-4cd5-497b-9741-beebef2e2a6d.png');
insert into files(id, project_id, url)
values (148, 48,
        'https://sidepeek-bucket.s3.ap-northeast-2.amazonaws.com/image/dev/c487821e-4cd5-497b-9741-beebef2e2a6d.png');
insert into files(id, project_id, url)
values (149, 49,
        'https://sidepeek-bucket.s3.ap-northeast-2.amazonaws.com/image/dev/c487821e-4cd5-497b-9741-beebef2e2a6d.png');
insert into files(id, project_id, url)
values (150, 50,
        'https://sidepeek-bucket.s3.ap-northeast-2.amazonaws.com/image/dev/c487821e-4cd5-497b-9741-beebef2e2a6d.png');

-- PROJECT_SKILL
insert into project_skill(id, project_id, skill_id, category)
values (1, 1, 1, '백엔드');
insert into project_skill(id, project_id, skill_id, category)
values (2, 2, 2, '프론트엔드');
insert into project_skill(id, project_id, skill_id, category)
values (3, 3, 3, '백엔드');
insert into project_skill(id, project_id, skill_id, category)
values (4, 4, 4, '협업');
insert into project_skill(id, project_id, skill_id, category)
values (5, 5, 5, '디자인');
insert into project_skill(id, project_id, skill_id, category)
values (6, 6, 6, '백엔드');
insert into project_skill(id, project_id, skill_id, category)
values (7, 7, 7, '협업');
insert into project_skill(id, project_id, skill_id, category)
values (8, 8, 8, 'CI/CD');
insert into project_skill(id, project_id, skill_id, category)
values (9, 9, 9, '백엔드');
insert into project_skill(id, project_id, skill_id, category)
values (10, 10, 10, '백엔드');
insert into project_skill(id, project_id, skill_id, category)
values (11, 11, 11, 'IDE');
insert into project_skill(id, project_id, skill_id, category)
values (12, 12, 12, 'IDE');
insert into project_skill(id, project_id, skill_id, category)
values (13, 13, 13, '백엔드');
insert into project_skill(id, project_id, skill_id, category)
values (14, 14, 14, '백엔드');
insert into project_skill(id, project_id, skill_id, category)
values (15, 15, 15, '백엔드');
insert into project_skill(id, project_id, skill_id, category)
values (16, 16, 16, '프론트엔드');
insert into project_skill(id, project_id, skill_id, category)
values (17, 17, 17, '프론트엔드');
insert into project_skill(id, project_id, skill_id, category)
values (18, 18, 18, '기타');
insert into project_skill(id, project_id, skill_id, category)
values (19, 19, 19, '프론트엔드');
insert into project_skill(id, project_id, skill_id, category)
values (20, 20, 20, 'UI');
insert into project_skill(id, project_id, skill_id, category)
values (21, 21, 1, '백엔드');
insert into project_skill(id, project_id, skill_id, category)
values (22, 22, 2, '프론트엔드');
insert into project_skill(id, project_id, skill_id, category)
values (23, 23, 3, '백엔드');
insert into project_skill(id, project_id, skill_id, category)
values (24, 24, 4, '협업');
insert into project_skill(id, project_id, skill_id, category)
values (25, 25, 5, '디자인');
insert into project_skill(id, project_id, skill_id, category)
values (26, 26, 6, '백엔드');
insert into project_skill(id, project_id, skill_id, category)
values (27, 27, 7, '협업');
insert into project_skill(id, project_id, skill_id, category)
values (28, 28, 8, 'CI/CD');
insert into project_skill(id, project_id, skill_id, category)
values (29, 29, 9, '백엔드');
insert into project_skill(id, project_id, skill_id, category)
values (30, 30, 10, '백엔드');
insert into project_skill(id, project_id, skill_id, category)
values (31, 31, 11, 'IDE');
insert into project_skill(id, project_id, skill_id, category)
values (32, 32, 12, 'IDE');
insert into project_skill(id, project_id, skill_id, category)
values (33, 33, 13, '백엔드');
insert into project_skill(id, project_id, skill_id, category)
values (34, 34, 14, '백엔드');
insert into project_skill(id, project_id, skill_id, category)
values (35, 35, 15, '백엔드');
insert into project_skill(id, project_id, skill_id, category)
values (36, 36, 16, '프론트엔드');
insert into project_skill(id, project_id, skill_id, category)
values (37, 37, 17, '프론트엔드');
insert into project_skill(id, project_id, skill_id, category)
values (38, 38, 18, '기타');
insert into project_skill(id, project_id, skill_id, category)
values (39, 39, 19, '프론트엔드');
insert into project_skill(id, project_id, skill_id, category)
values (40, 40, 20, 'UI');
insert into project_skill(id, project_id, skill_id, category)
values (41, 41, 1, '백엔드');
insert into project_skill(id, project_id, skill_id, category)
values (42, 42, 2, '프론트엔드');
insert into project_skill(id, project_id, skill_id, category)
values (43, 43, 3, '백엔드');
insert into project_skill(id, project_id, skill_id, category)
values (44, 44, 4, '협업');
insert into project_skill(id, project_id, skill_id, category)
values (45, 45, 5, '디자인');
insert into project_skill(id, project_id, skill_id, category)
values (46, 46, 6, '백엔드');
insert into project_skill(id, project_id, skill_id, category)
values (47, 47, 7, '협업');
insert into project_skill(id, project_id, skill_id, category)
values (48, 48, 8, 'CI/CD');
insert into project_skill(id, project_id, skill_id, category)
values (49, 49, 9, '백엔드');
insert into project_skill(id, project_id, skill_id, category)
values (50, 50, 10, '백엔드');
insert into project_skill(id, project_id, skill_id, category)
values (51, 1, 11, 'IDE');
insert into project_skill(id, project_id, skill_id, category)
values (52, 2, 12, 'IDE');
insert into project_skill(id, project_id, skill_id, category)
values (53, 3, 13, '백엔드');
insert into project_skill(id, project_id, skill_id, category)
values (54, 4, 14, '백엔드');
insert into project_skill(id, project_id, skill_id, category)
values (55, 5, 15, '백엔드');
insert into project_skill(id, project_id, skill_id, category)
values (56, 6, 16, '프론트엔드');
insert into project_skill(id, project_id, skill_id, category)
values (57, 7, 17, '프론트엔드');
insert into project_skill(id, project_id, skill_id, category)
values (58, 8, 18, '기타');
insert into project_skill(id, project_id, skill_id, category)
values (59, 9, 19, '프론트엔드');
insert into project_skill(id, project_id, skill_id, category)
values (60, 10, 20, 'UI');
insert into project_skill(id, project_id, skill_id, category)
values (61, 1, 1, '백엔드');
insert into project_skill(id, project_id, skill_id, category)
values (62, 2, 2, '프론트엔드');
insert into project_skill(id, project_id, skill_id, category)
values (63, 3, 3, '백엔드');
insert into project_skill(id, project_id, skill_id, category)
values (64, 4, 4, '협업');
insert into project_skill(id, project_id, skill_id, category)
values (65, 5, 5, '디자인');
insert into project_skill(id, project_id, skill_id, category)
values (66, 6, 6, '백엔드');
insert into project_skill(id, project_id, skill_id, category)
values (67, 7, 7, '협업');
insert into project_skill(id, project_id, skill_id, category)
values (68, 8, 8, 'CI/CD');
insert into project_skill(id, project_id, skill_id, category)
values (69, 9, 9, '백엔드');
insert into project_skill(id, project_id, skill_id, category)
values (70, 10, 10, '백엔드');
insert into project_skill(id, project_id, skill_id, category)
values (71, 1, 11, 'IDE');
insert into project_skill(id, project_id, skill_id, category)
values (72, 2, 12, 'IDE');
insert into project_skill(id, project_id, skill_id, category)
values (73, 3, 13, '백엔드');
insert into project_skill(id, project_id, skill_id, category)
values (74, 4, 14, '백엔드');
insert into project_skill(id, project_id, skill_id, category)
values (75, 5, 15, '백엔드');
insert into project_skill(id, project_id, skill_id, category)
values (76, 6, 16, '프론트엔드');
insert into project_skill(id, project_id, skill_id, category)
values (77, 7, 17, '프론트엔드');
insert into project_skill(id, project_id, skill_id, category)
values (78, 8, 18, '기타');
insert into project_skill(id, project_id, skill_id, category)
values (79, 9, 19, '프론트엔드');
insert into project_skill(id, project_id, skill_id, category)
values (80, 10, 20, 'UI');
insert into project_skill(id, project_id, skill_id, category)
values (81, 1, 1, '백엔드');
insert into project_skill(id, project_id, skill_id, category)
values (82, 2, 2, '프론트엔드');
insert into project_skill(id, project_id, skill_id, category)
values (83, 3, 3, '백엔드');
insert into project_skill(id, project_id, skill_id, category)
values (84, 4, 4, '협업');
insert into project_skill(id, project_id, skill_id, category)
values (85, 5, 5, '디자인');
insert into project_skill(id, project_id, skill_id, category)
values (86, 6, 6, '백엔드');
insert into project_skill(id, project_id, skill_id, category)
values (87, 7, 7, '협업');
insert into project_skill(id, project_id, skill_id, category)
values (88, 8, 8, 'CI/CD');
insert into project_skill(id, project_id, skill_id, category)
values (89, 9, 9, '백엔드');
insert into project_skill(id, project_id, skill_id, category)
values (90, 10, 10, '백엔드');
insert into project_skill(id, project_id, skill_id, category)
values (91, 1, 11, 'IDE');
insert into project_skill(id, project_id, skill_id, category)
values (92, 2, 12, 'IDE');
insert into project_skill(id, project_id, skill_id, category)
values (93, 3, 13, '백엔드');
insert into project_skill(id, project_id, skill_id, category)
values (94, 4, 14, '백엔드');
insert into project_skill(id, project_id, skill_id, category)
values (95, 5, 15, '백엔드');
insert into project_skill(id, project_id, skill_id, category)
values (96, 6, 16, '프론트엔드');
insert into project_skill(id, project_id, skill_id, category)
values (97, 7, 17, '프론트엔드');
insert into project_skill(id, project_id, skill_id, category)
values (98, 8, 18, '기타');
insert into project_skill(id, project_id, skill_id, category)
values (99, 9, 19, '프론트엔드');
insert into project_skill(id, project_id, skill_id, category)
values (100, 10, 20, 'UI');
